ID,Town,HomePrice,lnHomePrice ,EDMathGrade4 ,EDReadingGrade4 ,AvgClassSize,PPE ,lnPPE,Preschool ,ResTaxRate ,RegionalDistrictElem ,RaceWhite ,RaceBlack ,EthnHispanicLatino ,RaceAsian ,RaceAmIndAlNative ,RaceHawaiiPI,RaceOther ,RaceTwoorMore,AgeUnder18 ,AgeOver65 ,BAPlus ,HSPlus ,Pop000s,HHIncome ,lnHHIncome,DistBoston ,DistBostonSq  
1,Abington,"395,000",12.88664104,44,56,21.0,"14,573.50",9.58696009,1,17.82,0,91.10,1.7,2.1,3.7,0,0,1.1,2.4,18.6,13.7,37.7,94.9,15.985,76989,11.25141783,22.1,488.41
2,Acton,"650,000",13.38472764,61,70,21.4,"15,198.11",9.628926357,1,19.38,1,69.60,1.7,3.1,25.1,0.1,0.1,0.5,2.9,24.6,15.5,75.7,97.1,23.209,131099,11.78370804,25,625
3,Amesbury,"390,950",12.87633495,48,63,17.2,"15,865.50",9.671902219,1,18.99,0,94.50,0.8,2.7,1.1,0.3,0,0.2,3.1,21.1,15.9,41.3,93.9,16.283,75861,11.236658,40.1,1608.01
4,Andover,"663,000",13.40453027,61,71,18.2,"17,040.23",9.743332298,1,15.64,0,84.70,4.4,3.2,7.8,0.1,0,0.7,2.2,18.7,18.7,70.3,96.4,33.201,134627,11.81026327,24.4,595.36
5,Arlington,"805,000",13.59859756,60,68,18.1,"14,222.82",9.562602996,1,12.13,0,80.60,2.7,5.1,11.8,0,0,1.1,3.9,21.9,16.3,71.1,96.6,42.844,98103,11.49377323,8.4,70.56
6,Ashby - North Middlesex,"282,000",12.54966235,46,61,19.3,"15,323.84",9.637165065,1,20.17,1,97.10,0.4,3.3,0.7,0.1,0.0,0.4,1.4,24.5,10.5,29,92,3.223,95529,11.46718515,59.6,3552.16
7,Ashland,"282,000",12.54966235,42,51,18.4,"13,760.73",9.529574162,1,16.61,0,82.90,2.7,7.1,10.3,0.1,0,1.8,2.2,23.0,14.8,60.1,95.7,16.953,103700,11.54925739,28.8,829.44
8,Attleboro,"332,500",12.71439514,57,63,21.6,"13,315.47",9.496681796,1,14.82,0,87.10,3.00,6.30,4.50,,,,,22.3,14.9,32.3,89.6,44.59,65141,11.08430943,39,1521
9,Avon,"349,500",12.76425884,33,48,13.7,"16,905.09",9.735370039,1,18.55,0,93.45,3.74,1.44,0.92,0.27,0,0.77,0.86,22.5,17.6,27,90,4.356,68021,11.12757176,21.2,449.44
10,Ayer - Ayer Shirley ,"360,000",12.79385931,41,55,19.2,"14,659.54",9.592846597,1,14.43,1,87.70,3.8,4.8,5.1,0.0,0.0,1.0,2.4,19.1,12.7,45.8,96.6,8.145,63063,11.05188951,42,1764
11,Bedford,"729,000",13.49942901,70,76,16.5,"17,852.10",9.789876427,1,16.63,0,78.80,3.7,3.6,14.7,0.2,0,0.3,2.3,25.4,17.6,70.9,96.8,13.32,117688,11.67579233,21,441
12,Bellingham,"337,000",12.72783821,41,44,18.0,"14,695.74",9.595312935,1,14.41,0,91.90,2.1,3.7,1.1,0,0,2.9,2.1,21.9,13.3,33.3,94.9,17.093,84914,11.34939426,47.2,2227.84
13,Belmont,"1,160,000",13.96393056,78,83,22.3,"13,581.74",9.516481523,1,12.15,0,78.60,1.5,5,16.2,0.3,0,0.3,3.2,25.3,16.7,72.9,96.4,24.729,114141,11.64518981,10.1,102.01
14,Beverly,"468,200",13.05665083,60,63,19.8,"3,964.08",8.285029077,1,13.6,0,93.40,2,4.5,1.8,0.1,0,0.7,1.9,16.8,17.3,49.5,94.4,39.502,73839,11.20964233,24.7,610.09
15,Billerica,"450,000",13.01700286,53,59,18.1,"15,899.20",9.674024072,1,14.19,0,85.60,3.3,4,7,0,0.1,2,1.9,18.9,15.1,34.3,92.7,40.243,100484,11.51775379,19.7,388.09
16,Boston,"615,000",13.32937755,31,35,17.7,"20,201.16",9.913495307,1,10.48,0,52.50,24.5,20,9.5,0.3,0,7.3,5.8,16.2,11.2,48.5,86.4,617.594,58516,10.9770555,0,0
17,Boxborough,"675,000",13.42246797,61,70,21.4,"15,198.11",9.628926357,1,16.44,1,72.50,0.8,3.7,21.6,0,0,1.7,3.4,21.5,11.3,70,96.4,4.996,103556,11.54786781,33.6,1128.96
18,Boxford,"687,500",13.44081711,71,74,15.4,"17,244.67",9.755258389,1,16.2,0,93.90,0,1.1,2.4,0,0,0,3.7,24.6,17.3,63.7,97.7,7.965,153578,11.94196386,25.3,640.09
19,Braintree,"498,000",13.11835536,61,71,17.7,"14,535.65",9.584359532,1,10.54,0,81.90,3.1,2.2,12.1,0.2,0,0.7,2,23.1,16.7,43,94.2,35.744,85590,11.35732373,13.1,171.61
20,Bridgewater,"390,000",12.87390202,62,60,20.3,"13,032.68",9.475215328,1,15.19,1,84.20,8.8,4.1,2.2,0.2,0.1,2,2.5,13.0,10.6,37.2,95.9,26.563,85992,11.36200955,32.2,1036.84
21,Brockton,"295,000",12.59473064,25,30,20.1,"14,662.37",9.593039627,1,16.06,0,35.30,48.1,10.9,2.1,0.1,0,10.1,4.4,25.3,12.8,18.4,81.9,93.81,49956,10.8188979,22.1,488.41
22,Brookline,"1,777,500",14.39071844,64,72,17.4,"19,527.54",9.879581056,1,9.46,0,74.10,3.2,7.8,15.9,0.1,0,2.6,4.2,18.1,15.9,83.7,97,58.732,102175,11.53444231,4.9,24.01
23,Burlington,"583,000",13.27594247,48,57,16.9,"20,605.99",9.933337089,1,10.62,0,75.40,4.9,2.2,16.3,0.1,0.2,0.4,2.6,20.5,19.7,54.8,95.9,24.498,92141,11.43107529,13.8,190.44
24,Cambridge,"1,400,000",14.15198279,50,62,15.2,"28,638.22",10.26249747,1,6.29,0,66.80,8.9,11.4,18.2,0.1,0.4,1.4,4.3,12.4,11.3,77.4,95.1,105.162,83122,11.32806469,3.4,11.56
25,Canton,"565,000",13.24458101,63,70,18.5,"15,908.46",9.674606322,1,12.42,0,81.60,6.6,3.9,7.5,0.1,0,2,2.1,22.2,18.2,55.9,96.1,21.561,93672,11.4475546,19.2,368.64
26,Carlisle,"875,000",13.68197917,80,84,17.6,"20,326.67",9.919689096,1,18.17,0,86.50,0,1.6,11.2,0.4,0,0.3,1.6,23.4,17.6,84.5,97.3,4.852,167400,12.02814144,25.8,665.64
27,Carver,"345,000",12.7512997,37,48,17.5,"14,834.36",9.604701391,1,17.63,0,93.80,1.7,1.9,1.4,0.2,0,0.2,2.7,20.6,20,20.5,90,11.509,75260,11.22870406,45.9,2106.81
28,Chelmsford,"447,500",13.01143182,65,65,17.8,"14,428.13",9.576935052,1,17.96,0,87.20,0.8,3.6,9.1,0.3,0,0.9,1.6,20.5,18.1,52.5,95.9,33.802,102160,11.53429549,30,900
29,Chelsea,"450,500",13.01811336,39,38,22.2,"14,984.46",9.614768943,1,14.1,0,50.80,6.9,66.9,3.2,0.1,0,8,31,25.9,8.9,17.5,69.8,35.177,49614,10.81202833,4.6,21.16
30,Cohasset,"992,500",13.80798229,61,82,19.2,"16,165.69",9.690646374,1,12.79,0,97.50,0.7,0.9,0.8,0.1,0,0.1,0.9,27.8,17,70.1,97.8,2.698,60461,11.00975381,21.3,453.69
31,Concord,"1,041,000",13.85569235,82,86,15.6,"19,172.98",9.861257275,1,14.29,0,83.20,4,7.1,7,0,0,3.1,2.7,23.5,19.7,71.4,95.1,17.668,138661,11.83978738,24.7,610.09
32,Danvers,"467,000",13.05408454,53,54,18.5,"15,747.81",9.664456587,1,13.54,0,93.80,1.7,3.8,1.8,0,0,0.9,1.8,20.1,21.3,42.1,94.5,26.493,79913,11.28869382,21.8,475.24
33,Dedham,"517,000",13.15579815,58,55,16.8,"19,638.73",9.885258916,1,14.55,0,83.60,8.8,9.2,3,0.2,0.1,1.9,2.4,19.2,19.2,51.3,94.4,24.729,87108,11.37490401,13.5,182.25
34,Dover,"1,221,000",14.01518075,86,80,18.1,"23,288.60",10.05571925,1,12.84,0,78.10,3.6,0.4,12.4,0,0,0,6,27.8,17.9,82.2,98.1,5.589,189265,12.15090343,19.6,384.16
35,Dracut,"360,000",12.79385931,46,61,20.3,"12,206.17",9.409696841,1,14.14,0,88.60,3.90,6.20,3.90,0.00,0.10,1.10,2.50,22.1,15.3,28.6,91.5,31.619,57676,10.96259642,32.4,1049.76
36,Dunstable,"572,450",13.25768067,72,69,18.7,"15,078.55",9.621028483,1,17.54,1,93.80,0.00,1.30,4.50,0.00,0.00,0.10,1.60,31.1,6.8,55,97,3.379,135672,11.81799549,39,1521
37,Duxbury,"680,000",13.42984808,74,69,20.6,"14,507.45",9.58241759,1,15.16,0,96.70,0.4,0.9,1.7,0,0,0,0.3,26.0,20.5,70.8,99,15.059,119428,11.69046896,34.8,1211.04
38,East Bridgewater,"372,500",12.82799232,46,58,21.2,"11,598.88",9.358663821,1,17.96,0,91.50,3.3,2.1,2.2,0,0,1.2,1.9,25.4,15.8,29.2,95.5,13.794,82823,11.32446108,27.7,767.29
39,Easton,"447,000",13.01031387,66,63,19.8,"13,433.26",9.505489,1,16.21,0,90.70,4.4,3.2,2.3,0,0,1.6,1.1,21.8,14.4,48.7,95.4,23.112,100028,11.51320543,29.8,888.04
40,Essex - Manchester Essex regional,"551,000",13.21949009,71,77,15.9,"17,448.42",9.767004379,1,15.68,1,99.00,0,0.5,0,0,0,0.3,0.8,24.2,13.6,57,99,3.504,103750,11.54973944,33.4,1115.56
41,Everett,"445,000",13.00582956,42,44,19.7,"15,057.27",9.61961621,1,13.78,0,59.20,19,26.5,6.9,1,0.1,8.8,5,24.6,10.5,20.3,81,41.667,52457,10.86774907,4.3,18.49
42,Foxboro,"450,000",13.01700286,59,53,16.8,"16,730.65",9.724997646,1,14.57,0,88.40,9.5,2.6,1.9,0,0,0,0.2,17.5,27.6,43,87.7,16.865,95665,11.46860778,30.3,918.09
43,Framingham,"452,000",13.02143746,35,37,17.0,"18,578.70",9.829771042,1,16.32,0,71.40,7.2,15.8,8.4,0.5,0,8.8,3.7,19.4,15.2,47.4,90.4,68.318,70706,11.16628571,23,529
44,Franklin,"464,950",13.04968515,63,67,18.9,"13,950.07",9.543239805,1,14.65,0,90.40,1,2.3,5.6,0,0,0.03,2.7,24.9,11.9,56.3,97.2,31.635,108815,11.59740447,37.1,1376.41
45,Georgetown,"459,000",13.03680549,56,73,15.5,"13,843.49",9.535570365,1,15.88,0,95.40,1.1,3.9,1,0.4,0,1.2,0.9,23.2,14.3,52.4,97.5,8.183,106016,11.57134531,30.1,906.01
46,Gloucester,"449,500",13.01589113,50,57,17.1,"16,450.67",9.708121485,1,12.93,0,94.50,1.6,2.3,1.7,0.1,0,0.7,1.3,16.8,22.4,39.2,90.9,28.789,63917,11.06534065,36.2,1310.44
47,Groton,"530,000",13.18063229,72,69,18.7,"15,078.55",9.621028483,1,18.67,1,91.60,0.20,1.70,4.70,0.10,0.00,0.10,3.30,23.8,13.9,66.2,97.2,11.364,116686,11.66724185,42.3,1789.29
48,Groveland - Pentucket ,"430,000",12.97154049,39,55,16.6,"15,194.44",9.62868485,1,14.69,1,98.00,0.9,4.9,0.2,0.3,0,0.3,0.3,20.5,17.1,44.6,96.2,6.459,96512,11.47742263,33.5,1122.25
49,Halifax,"349,900",12.76540268,56,51,21.5,"13,967.40",9.544481322,1,17.65,0,95.90,2.7,1.8,0.2,0,0,0.5,0.7,21.1,14.7,30.4,96,7.518,73119,11.19984353,32.1,1030.41
50,Hamilton,"602,450",13.30875995,59,76,17.8,"17,513.18",9.770709019,1,16.22,1,93.30,0.2,1.3,5.1,0,0.1,0.3,1,26.2,14.3,67.5,98.1,7.764,114907,11.65187838,28.8,829.44
51,Hanover,"555,000",13.22672339,66,67,19.1,"13,968.83",9.544583698,1,16.28,0,97.10,0.8,0.3,0.9,0,0,0.7,0.6,26.4,16.7,49,96.1,13.879,105635,11.56774503,24,576
52,Hanson - Whitman Hanson,"372,000",12.82664913,48,65,21.3,"12,749.65",9.453259099,1,15.83,1,95.50,0.8,1.5,1.7,0,0,0.5,1.6,18.6,16.1,32.2,95.2,10.209,93517,11.44589852,27.1,734.41
53,Harvard,"627,500",13.34949895,70,76,16.8,"17,791.46",9.786473846,1,17.15,0,84.80,6.4,6.5,3.7,0.6,0,1.8,2.6,22.4,16.4,63.2,97.7,6.569,131563,11.7872411,40.2,1616.04
54,Haverhill,"338,000",12.73080117,32,38,18.3,"12,931.57",9.467426887,1,14.26,0,82.50,3.2,20.3,1.4,0.1,0,8.8,4,23.0,12.7,29.9,89.6,60.879,62751,11.04692979,36.4,1324.96
55,Hingham,"820,000",13.61705962,78,76,18.6,"13,506.24",9.51090708,1,11.77,0,99.80,0.2,0.7,0,0,0,0,0,29.2,13.4,74.8,98.3,22.157,118148,11.67969335,16.5,272.25
56,Holbrook,"339,900",12.73640674,47,62,18.1,"15,915.82",9.675068862,1,20.67,0,79.60,12.3,5.2,4.5,0,0,2,1.7,19.1,16.8,26,95.2,10.791,67508,11.12000139,17.9,320.41
57,Holliston,"485,000",13.09190417,36,56,16.7,"13,651.88",9.52163252,1,18.67,0,91.80,1.3,4,4.4,0,0,0.5,2,25.6,14.6,65.9,97.3,13.547,110295,11.61091387,29.6,876.16
58,Hopkinton,"675,000",13.42246797,74,81,19.6,"14,919.48",9.610423021,1,16.9,0,91.20,1.2,5.5,3.9,0,0,0.4,3.3,26.9,11,68.6,96.7,14.925,143190,11.8719277,31.9,1017.61
59,Hudson,"378,000",12.84264947,53,57,17.2,"16,681.67",9.722065791,1,17.5,0,92.60,1.4,7.6,2.5,0,0,0.8,2.7,18.5,18.7,38.6,89.5,19.063,80574,11.2969313,33.1,1095.61
60,Hull,"415,000",12.9360338,36,40,14.2,"20,076.85",9.907322689,1,13.42,0,96.20,0.5,2.3,1.2,0.1,0,0.3,1.8,13.3,23.3,44.9,96.4,10.293,78114,11.26592458,23.7,561.69
61,Ipswich,"540,250",13.19978727,66,65,16.9,"16,992.80",9.740545004,1,14.24,0,95.80,1.2,3.4,1.2,0,0,1,0.8,20.6,21.4,53.3,96.7,13.175,77788,11.26174246,29.9,894.01
62,Kingston,"430,000",12.97154049,56,52,20.7,"15,876.39",9.672588379,1,16.45,0,96.10,1.1,1.9,0.4,0,0,0.6,1.9,21.6,15.6,42.6,96.3,12.629,88694,11.39294752,37.9,1436.41
63,Lakeville - Freetown Lakeville,"373,000",12.8293337,68,64,19.3,"13,719.62",9.526582204,1,13.59,1,96.30,0.4,2.5,0.7,0,0,0.5,2,21.1,14.8,38.5,94.4,11.424,84218,11.34116395,41.7,1738.89
64,Lawrence,"280,000",12.54254488,31,30,19.6,"14,781.73",9.601147238,1,14.32,0,33.00,4.5,81.7,2.6,0.2,0,58.6,1.1,27.2,9.7,10.5,66.8,76.377,36754,10.51200234,28.7,823.69
65,Lexington,"1,150,000",13.9552725,77,77,20.0,"18,288.83",9.81404577,1,14.3,0,65.40,1,2,29.3,0.2,0,0.9,3.3,26.5,19.2,82.3,98.3,31.934,152872,11.93735625,13.7,187.69
66,Lincoln,"1,250,000",14.03865411,61,52,15.9,"22,743.21",10.03202192,1,13.6,0,84.00,2.6,6.9,8.6,0,0,1,3.8,26.0,19.6,74.7,98.6,6.362,130870,11.78195974,24.5,600.25
67,Littleton,"570,250",13.25383014,47,64,18.1,"15,127.03",9.624238489,1,18.14,0,89.40,0.4,1.1,6.1,0.1,0,0,4,23.3,14.5,54.6,97.5,8.924,108704,11.59638387,36.2,1310.44
68,Lowell,"300,000",12.61153775,37,42,19.5,"14,354.00",9.571783928,1,14.39,0,60.20,10.4,18.5,21.7,1.2,0,3,3.6,21.8,10.6,23,80.1,106.519,46972,10.75730696,27.5,756.25
69,Lynn,"350,000",12.76568843,33,33,20.6,"13,632.27",9.520195055,1,15.15,0,56.70,17.9,49.20,6.5,0,0,23.6,,24.1,11.7,18.5,78,90.329,50774,10.83513969,11.5,132.25
70,Lynnfield,"665,000",13.40754232,83,83,15.1,"15,205.89",9.629438132,1,13.76,0,91.30,1.7,2.3,4.9,0,0,0,2.1,24.6,18.8,57.5,97.7,11.596,117250,11.67206369,16,256
71,Malden,"492,000",13.106234,41,49,20.2,"14,379.01",9.573524783,1,14.09,0,54.00,16.8,9.3,23.4,0,0,2.6,3.2,19.1,12.2,36.3,86.5,59.45,60085,11.00351551,5.5,30.25
72,Manchester,"924,000",13.73646735,71,77,15.9,"17,448.42",9.767004379,1,11.03,1,99.00,0,1.6,0.6,0,0,0,0.4,22.6,23.1,65.5,97.1,5.136,92604,11.43608762,30.9,954.81
73,Mansfield,"450,000",13.01700286,46,63,18.4,"15,503.60",9.648827534,1,15.57,0,89.20,3.2,4.2,5.1,0.2,0,0.5,1.7,21.1,12.9,49.7,98,23.184,102090,11.53361006,32.3,1043.29
74,Marblehead,"689,500",13.44372198,64,66,17.8,"15,567.62",9.652948395,1,11.02,0,95.60,1.5,4.6,1.5,0,0,0.5,0.8,23.5,22.4,70.6,97.8,19.808,103148,11.54392013,17.3,299.29
75,Marlborough,"391,000",12.87646284,50,43,20.1,"16,739.81",9.725544994,1,14.63,0,78.90,3,14,5.9,0.1,0.1,7.3,4.6,19.9,14.1,40.5,92.8,38.499,72222,11.18749999,31.5,992.25
76,Marshfield,"450,000",13.01700286,65,78,18.6,"13,301.05",9.495598258,1,13.37,0,95.40,0.6,1.8,0.6,0.2,0.1,1.8,1.4,22.7,16.6,45,95.6,25.132,85918,11.36114863,30.8,948.64
77,Maynard,"382,100",12.85343763,34,55,17.7,"15,578.44",9.653643186,1,22.64,0,91.00,1.5,2.9,2.8,0,0,2.8,1.9,20.8,16,52.4,95.7,10.106,90134,11.40905273,27.4,750.76
78,Medfield,"651,000",13.38626492,70,72,18.7,"15,204.54",9.629349346,1,17.03,0,91.70,1.6,1.1,5.5,0,0,0,1.2,28.1,14.4,68.4,97.6,12.024,147630,11.90246442,25.5,650.25
79,Medford,"617,000",13.3326243,38,54,15.2,"16,930.61",9.736878505,1,10.24,0,75.00,9.4,5.3,10.6,0.1,0.1,1.6,3.2,14.5,14.5,52.8,92.6,56.173,79607,11.28485731,5.6,31.36
80,Medway,"449,000",13.01477817,66,63,18.5,"14,326.23",9.569847402,1,17.66,0,92.30,2.9,1.2,3,0,0,0.3,1.5,24.8,13.3,58.3,95.3,12.752,109865,11.60700762,38.5,1482.25
81,Melrose,"650,000",13.38472764,66,72,20.0,"12,174.88",9.407130092,1,11.33,0,88.90,2.6,3.7,5.9,0,0,0.5,2,20.7,16.3,58.4,95.3,26.983,87712,11.381814,9.2,84.64
82,Merrimac - Pentucket,"410,000",12.92391244,39,55,16.6,"15,194.44",9.62868485,1,15.76,1,97.10,0.1,3.9,0.9,0,0,1.3,0.5,21.0,19.5,47,94.7,6.338,77481,11.25778802,43.5,1892.25
83,Middleborough,"324,950",12.6914266,53,43,19.8,"14,717.61",9.596800015,1,15.6,0,94.00,1.8,2.5,0.5,0.1,0.2,1.2,2.2,22.0,13.7,27.2,94.3,23.116,76961,11.25105408,40.9,1672.81
84,Middleton,"627,500",13.34949895,56,68,14.5,"16,518.58",9.712241087,1,13.96,0,92.00,1.5,6.7,1.5,0.1,0,1.4,3.5,19.7,18.9,37.7,92.3,8.987,106326,11.57426513,20.6,424.36
85,Milford,"349,450",12.76411577,41,37,18.7,"14,088.90",9.553142532,1,16.56,0,82.90,1.6,15,2.8,0.1,0.1,10.7,1.8,23.9,14.5,35.2,89.4,27.999,72750,11.19478419,40.2,1616.04
86,Millis,"420,000",12.94800999,59,68,17.2,"14,742.78",9.59850875,1,18.02,0,94.10,2.1,4.7,1.4,0,0,2.5,0,22.2,17.3,54.2,97.3,7.891,97591,11.48854056,32.7,1069.29
87,Milton,"707,500",13.46949291,74,67,18.8,"14,854.75",9.606074958,1,13.81,0,74.10,15,3.2,6.5,0.2,0,1,3.3,24.8,16,61,95.2,27.003,122516,11.71599691,10.1,102.01
88,Nahant,"580,000",13.27078338,42,38,17.6,"15,633.74",9.657186678,1,10.25,0,95.70,1,1.6,1.4,0,0,0.9,0.9,18.6,19.4,56,97,3.41,72625,11.19306449,13.7,187.69
89,Natick,"625,000",13.34550693,54,64,19.0,"15,469.20",9.646606229,1,13.05,0,81.80,1.7,4.1,13.2,0.1,0,1.4,1.8,24.1,15.4,68.2,97.2,33.006,104372,11.55571672,19.9,396.01
90,Needham,"1,078,000",13.89061803,61,69,18.5,"17,306.62",9.758844366,1,11.88,0,85.40,3.1,3,8.6,0.1,0,0.5,2.3,26.8,18.1,75.5,97.7,28.886,139477,11.84565499,16.7,278.89
91,Newbury - Triton Regional,"530,000",13.18063229,48,59,18.5,"16,322.89",9.700323696,1,10.9,1,95.60,1.8,3.2,0.5,0,0,1.6,0.5,19.8,19.5,57.3,96.5,6.666,92454,11.4344665,36.9,1361.61
92,Newburyport,"612,450",13.32522259,38,53,18.2,"15,894.05",9.673700104,1,13.26,0,92.30,1.5,1.4,3.5,0,0,1.3,1.4,19.7,20.5,62,97.1,17.416,87162,11.37552374,37.6,1413.76
93,Newton,"1,205,000",14.00199012,67,69,18.5,"18,898.78",9.846852649,1,10.82,0,76.70,4.2,2.7,14.5,0.1,0,1,3.5,22.1,17.7,77.5,97.3,85.146,127402,11.75510272,10.9,118.81
94,Norfolk,"570,000",13.25339164,80,69,20.9,"14,875.50",9.607470843,1,18.62,0,85.90,7.5,8,1.7,0.4,0,3,1.5,21.6,12.9,51.2,91,11.227,138452,11.83827897,34.6,1197.16
95,North Andover,"590,000",13.28787782,52,60,21.0,"12,737.78",9.45232766,1,14.53,0,86.80,2.7,6.3,6.6,0,0,1.2,2.7,23.4,15,61.4,96.7,28.352,102008,11.53280652,26.9,723.61
96,North Attleborough,"380,000",12.84792653,63,66,18.4,"12,037.00",9.395740518,1,13.34,0,89.00,1.70,5.50,5.10,0.00,0.00,1.60,2.60,24.5,12.3,39.7,93.5,27.1,85864,11.36051993,43.1,1857.61
97,North Reading,"555,000",13.22672339,69,82,18.7,"15,223.65",9.630605419,1,16.34,0,90.90,1.4,1.4,4.5,0.2,0,1,2,21.9,14,50.3,96.4,14.892,119933,11.69468853,17.7,313.29
98,Norton,"379,000",12.84529148,38,54,18.9,"14,271.54",9.566022623,1,15.16,0,93.10,3.7,2.4,1.4,0,0,0.5,1.3,18.2,13,40.2,95.5,19.031,95221,11.46395578,43,1849
99,Norwell,"637,500",13.36530956,65,73,17.6,"15,581.54",9.653842159,1,16.34,0,96.30,0.4,1.3,1.5,0,0.2,0.2,1.4,28.2,17.2,66.8,97.2,10.506,114560,11.64885398,25.7,660.49
100,Norwood,"475,000",13.07107008,56,56,17.0,"16,610.92",9.717815589,1,11.09,0,83.20,7.3,6.9,6.7,0,0,1.3,1.5,19.7,17.3,47.5,94.7,28.602,83883,11.33717825,22.3,497.29
101,Peabody,"445,000",13.00582956,35,46,18.1,"14,581.68",9.587521225,1,11.46,0,90.00,3.4,10.4,1,0.3,0,2.7,2.6,17.8,21.7,33.3,90.1,51.251,64071,11.06774712,19.7,388.09
102,Pembroke,"400,000",12.89921983,70,66,17.7,"13,402.04",9.503162213,1,14.89,0,95.10,0.5,1.3,1.5,0,0,0.3,2.6,21.6,14.9,38.5,95.4,17.837,93075,11.4411609,32.1,1030.41
103,Pepperell _ North Middlesex,"350,000",12.76568843,46,61,19.3,"15,323.84",9.637165065,1,16.39,1,92.10,1.70,6.00,0.60,0.00,0.00,0.90,4.70,22.8,14,40.8,95.1,12.146,67135,11.1144608,45.8,2097.64
104,Plainville,"362,500",12.80077975,41,56,19.4,"16,187.42",9.691989676,1,15.06,0,93.40,1.3,0.2,2.5,0,0,1.6,1.1,20.7,15.5,41.1,97.3,8.264,92014,11.42969602,35.2,1239.04
105,Plymouth,"380,000",12.84792653,46,52,17.2,"16,541.20",9.713609517,1,16.46,0,93.00,1.9,2.4,1,0.1,0,1.7,2.3,16.9,21.1,29.3,92.5,56.468,80905,11.30103091,39.8,1584.04
106,Plympton,"430,000",12.97154049,50,66,14.4,"17,365.63",9.762248244,1,17.52,0,97.30,1.1,2.5,0.3,0,0,0.6,0.6,28.6,6.6,33,95,2.82,84602,11.34571319,42.3,1789.29
107,Quincy,"493,750",13.1097846,53,64,16.4,"16,795.48",9.728865082,1,13.34,0,58.70,6.7,3.3,31.9,0.1,0,0.9,1.7,15.0,15.8,44.7,88.5,92.271,4890,8.494947582,11.3,127.69
108,Randolph,"375,000",12.8346813,44,50,18.1,"17,380.88",9.76312603,1,15.88,0,38.10,40.6,9,12.1,0,0.1,5.5,3.6,19.0,16.5,27.1,85.8,32.112,65316,11.08699231,16.3,265.69
109,Raynham - Bridgewater-Raynham,"420,500",12.94919976,62,60,20.3,"13,032.68",9.475215328,1,14.9,1,92.40,1.4,2.3,3.2,0,0,0.4,2.6,22.1,17.8,40.6,93.8,13.383,85998,11.36207932,36.7,1346.89
110,Reading,"625,000",13.34550693,61,59,19.8,"13,561.55",9.514993862,1,13.87,0,92.50,0.4,2.8,4.7,0.2,0,0.8,1.4,23.8,16.3,62,96.9,24.747,108894,11.59813021,13.6,184.96
111,Revere,"435,500",12.98425008,44,50,20.2,"14,038.93",9.549589464,1,12.96,0,79.00,5.6,32.5,4.7,0.2,0,4.8,5.5,19.8,14.9,21.1,82.3,51.755,51482,10.84898751,5.5,30.25
112,Rockland,"340,000",12.7367009,50,42,18.1,"15,085.96",9.621519789,1,18.22,0,93.60,2.8,2.6,0.4,0,0,1.3,1.9,20.6,16,29.5,94.3,17.489,70750,11.16690782,22.1,488.41
113,Rockport,"625,000",13.34550693,35,45,15.8,"18,506.47",9.82587568,1,10.11,0,98.70,0.2,2.1,0.1,0,0,0.5,0.5,15.9,29.3,53.6,97.5,6.952,68448,11.13382961,39.8,1584.04
114,Rowley - Triton,"533,000",13.1862767,48,59,18.5,"16,322.89",9.700323696,1,14.58,1,95.90,1,1,1.2,0,0,0.4,1.5,22.2,15.7,41.4,97,5.856,85496,11.35622487,33.7,1135.69
115,Salem,"425,000",12.95984445,36,40,15.4,"18,650.25",9.83361483,1,15.38,0,77.20,5.9,19.4,2,0.6,0,9.8,4.5,16.9,15.2,40.4,90.7,41.34,61093,11.02015257,16.4,268.96
116,Salisbury - Triton,"409,000",12.92147044,48,59,18.5,"16,322.89",9.700323696,1,11.78,1,98.50,0,3.7,0,0,0.4,0,1.1,17.7,19.8,35.5,92,8.283,65347,11.08746681,41,1681
117,Saugus,"445,000",13.00582956,48,50,17.2,"15,820.53",9.669063743,1,11.58,0,89.70,3.1,6,5,0.5,0,0.8,1,17.8,20.6,28.2,92.1,26.628,78372,11.269222,10.7,114.49
118,Scituate,"589,500",13.28703,72,83,19.1,"15,286.67",9.634736486,1,13.95,0,97.40,0.6,0.3,0,0,0,1.6,0.4,22.8,23.5,43.8,94.2,18.133,107807,11.58809787,26.6,707.56
119,Sharon,"530,000",13.18063229,75,76,18.1,"16,253.49",9.696062934,1,19.37,0,87.30,1,0.8,9,0.1,0,1.2,1.3,28.5,12.2,73,98.1,17.612,127500,11.75587164,24.5,600.25
120,Sherborn,"844,000",13.64590777,80,74,18.7,"18,468.53",9.823823482,1,19.3,0,91.40,0.5,3.9,4.9,0,0,0.5,2.8,31.9,11.3,83,99,4.119,158250,11.97193134,22.1,488.41
121,Shirley - Ayer-Shirley,"378,500",12.84397135,41,55,19.2,"14,659.54",9.592846597,1,16.42,1,75.30,6.90,11.20,5.30,0.00,0.20,6.60,5.70,13.5,14.4,25.9,87.3,7.672,57659,10.96230163,44.9,2016.01
122,Somerville,"795,000",13.58609739,46,49,15.4,"19,400.16",9.873036592,1,11.31,0,74.10,6.2,11.4,9.2,0.3,0,3.5,6.7,11.4,9.1,64,90.9,75.754,78673,11.2730553,3.9,15.21
123,Southborough,"630,000",13.3534751,79,80,16.8,"18,737.74",9.838294951,1,16.14,0,83.00,1.6,3,13,0,0,1,1.3,26.7,13.9,65.9,96.8,9.767,145455,11.88762204,28.7,823.69
124,Stoneham,"560,000",13.23569206,54,54,17.5,"15,520.34",9.649906701,1,11.71,0,92.10,2.7,3.7,3.3,0,0,1.1,0.8,17.7,20,44.6,94.2,21.437,83783,11.3359854,10.2,104.04
125,Stoughton,"380,000",12.84792653,50,62,17.2,"15,702.58",9.661580309,1,14.81,0,74.50,14.4,4.2,4.3,0.7,0,2.7,3.5,19.2,18.4,37.2,90.8,26.962,75109,11.22669567,20.4,416.16
126,Stow - Nashoba Regional,"566,250",13.24679096,70,79,18.2,"15,566.02",9.652845612,1,20.98,1,91.80,0,2.8,3.9,0,0,2.3,1.9,25.8,16.7,68.1,99.3,6.59,146799,11.89681958,30.2,912.04
127,Sudbury,"749,950",13.52776182,82,75,20.0,"15,605.92",9.655405608,1,17.93,0,84.50,0.9,2.2,10.8,0,0,0.7,3,29.0,15.7,78.7,98.9,17.659,164013,12.00770097,23.5,552.25
128,Swampscott,"580,000",13.27078338,57,75,16.2,"17,215.79",9.753582265,1,16,0,95.20,0.9,3.3,0.7,0,0,0.5,2.8,23.3,18.9,56.6,96.9,13.787,103244,11.5448504,12.2,148.84
129,Taunton,"313,000",12.65395847,44,42,19.8,"13,727.17",9.52713236,1,15.72,0,82.20,8.6,7.9,1.4,0,0,4.2,3.5,22.3,15.2,21.6,84.3,55.874,54785,10.91117171,38.9,1513.21
130,Tewksbury,"439,000",12.99225469,39,50,20.0,"16,331.72",9.700864508,1,16.13,0,92.20,1.9,1.6,3.4,0.1,0,0.7,1.7,19.4,17.6,35.5,94.7,28.961,92897,11.43924663,24.1,580.81
131,Topsfield,"597,500",13.30050956,57,58,16.9,"16,896.58",9.734866514,1,17.36,0,100.00,0,2.1,0,0,0,0,0,26.4,22.8,60.7,97.3,6.085,128283,11.76199404,23.4,547.56
132,Townsend - N Middlesex,"303,500",12.62313689,46,61,19.3,"15,323.84",9.637165065,1,20.26,1,95.70,0.40,3.10,1.20,0.00,0.00,1.60,1.20,23.3,14.8,34.8,94.9,9.522,73831,11.20953398,50.3,2530.09
133,Tyngsborough,"430,000",12.97154049,43,65,17.9,"14,620.10",9.590152573,1,17.11,0,87.70,1.10,3.30,7.50,0.20,0.00,0.60,3.00,20.2,11.2,47.9,95,12.357,93108,11.44151539,36.7,1346.89
134,Wakefield,"555,000",13.22672339,62,64,18.4,"14,986.21",9.614885724,1,12.95,0,93.00,1.4,4.7,2.2,0,0,1.9,1.4,19.2,18.6,51.4,93.2,24.932,90911,11.41763628,12.5,156.25
135,Walpole,"545,000",13.20854107,64,72,19.4,"15,049.44",9.61909606,1,15.27,0,87.50,1.6,8.9,4.3,0,0,5.7,0.9,24.8,19.8,44.8,92.8,24.07,99102,11.5039049,26,676
136,Waltham,"607,500",13.31710745,42,45,16.2,"20,619.70",9.934002208,1,12.61,0,72.30,7.7,13.5,11.4,0.3,0,5,3.3,14.6,13.7,52.8,92.2,60.632,82188,11.31676458,11.9,141.61
137,Watertown,"670,000",13.41503299,49,52,16.5,"21,148.05",9.959302982,1,13.47,0,83.60,2,9.7,8.5,0.3,0,3.4,2.1,15.4,15.9,63.9,94.8,31.915,92050,11.43008719,10,100
138,Wayland,"787,000",13.57598353,74,70,17.3,"18,470.37",9.823923105,0,18.03,0,84.70,0.6,4,11.4,0,0.4,0.5,2.5,26.3,18,83,98.4,12.994,157500,11.96718074,20.2,408.04
139,Wellesley,"1,437,500",14.17841605,68,79,17.5,"19,823.37",9.894616824,1,11.95,0,81.10,3,4.8,11.9,0.1,0.1,0.8,3,25.9,14.7,83.4,98.1,27.982,171719,12.0536147,15.8,249.64
140,Wenham - Hamilton Wenham,"699,900",13.45869275,59,76,17.8,"17,513.18",9.770709019,1,18.79,1,92.20,2.1,5.2,3.7,0,0,0.7,1.2,16.8,15.7,67.2,98.6,4.875,99375,11.50665585,24.8,615.04
141,West Bridgewater,"369,000",12.81855192,40,60,18.6,"12,774.95",9.455241501,1,17.1,0,94.10,3.1,4.8,0.1,0,0,1,1.7,21.3,18.1,35.2,94.7,6.916,80709,11.29860537,29.5,870.25
142,West Newbury - Pentucket,"553,650",13.224288,39,55,16.6,"15,194.44",9.62868485,1,14.56,1,98.00,0,1.4,0.9,0,0,0.1,1,30.0,8.8,58,98,4.235,138947,11.84184784,37.4,1398.76
143,Westford,"585,000",13.27936713,83,77,18.2,"14,020.48",9.548274397,1,19.36,0,78.70,0.8,1.9,18.8,0,0,0.1,1.6,26.9,12.9,69.3,97.3,21.951,130739,11.78095825,38,1444
144,Weston,"1,537,500",14.24566828,76,82,17.2,"24,225.87",10.09517635,1,12.51,0,80.90,2.2,4.5,11.2,0.1,0,2.5,3,26.9,20.4,82.2,99,11.261,191744,12.16391643,17,289
145,Westwood,"780,000",13.5670492,78,82,18.0,"17,594.98",9.775368913,1,15.09,0,87.70,0.7,2.3,8.3,0,0,1.2,2.1,26.1,18.9,69.9,96.9,14.618,140355,11.85193021,24.6,605.16
146,Weymouth,"410,000",12.92391244,50,62,18.5,"14,864.25",9.60671428,1,12.5,0,86.00,5.2,3.1,5.7,0.1,0,1,2,18.8,17.8,36.5,93.2,53.743,69744,11.15258667,15.3,234.09
147,Whitman,"330,500",12.70836194,48,65,21.3,"12,749.65",9.453259099,1,16.01,1,95.50,1.2,1.5,0.5,0,0,0.7,2.1,23.2,13.3,29.3,93.9,14.489,75898,11.23714561,24,576
148,Wilmington,"537,950",13.1955209,69,64,17.5,"16,859.67",9.732679658,1,14.41,0,89.40,3.3,1.6,4.9,0,0.1,0.9,1.4,21.5,15.4,43,95.6,22.325,102301,11.53567473,18,324
149,Winchester,"1,189,500",13.98904361,82,80,19.4,"13,547.31",9.513943283,1,12.19,0,83.20,0.3,2.1,12.8,0,0,1.2,2.5,27.9,17.5,75.8,98.3,21.374,149321,11.91385363,8.9,79.21
150,Winthrop,"523,000",13.16733674,61,64,21.0,"13,875.61",9.537887902,1,14.16,0,93.30,2,8.8,0.6,0,0,1.6,2.4,18.4,18.5,36.7,94.9,17.497,62997,11.05084239,6,36
151,Woburn,"499,950",13.12226337,48,50,16.4,"16,613.01",9.717941402,1,9.89,0,79.80,7.1,4.9,7.9,0,0,3.1,2,19.4,16.4,44.8,94.1,38.12,83872,11.33704711,11.3,127.69
152,Wrentham,"500,000",13.12236338,56,75,19.9,"15,473.90",9.646910013,1,14.24,0,96.50,2.6,2.8,0.6,0,0,0.2,0,25.5,13.7,51.2,97.1,10.955,99924,11.51216518,32.8,1075.84